parent1_first,parent1_last,parent1_email,parent1_phone,parent2_first,parent2_last,parent2_email,parent2_phone,address,city,province,postal_code,preferred_language
Sarah,Johnson,sarah.johnson@email.com,416-555-1001,Michael,Johnson,michael.johnson@email.com,416-555-1002,456 Oak Street,Toronto,ON,M4E 2K1,English
Marie,Dubois,marie.dubois@email.com,514-555-2001,Pierre,Dubois,pierre.dubois@email.com,514-555-2002,789 Rue Principale,Montreal,QC,H3B 1A1,French
Lisa,Chen,lisa.chen@email.com,416-555-3001,David,Chen,david.chen@email.com,416-555-3002,321 Maple Avenue,Toronto,ON,M5H 2N2,English
Anna,Garcia,anna.garcia@email.com,647-555-4001,,,,,654 Pine Road,Mississauga,ON,L5B 1M1,English
